Periodo,Valor
95,0.337958570843464
190,0.0186581414562683
191,0.0037923461021099
189,0.0025913730188148
38,0.0018948008382536
